<?xml version="1.0" encoding="UTF-8"?> 
  <!DOCTYPE weblogic-web-app 
    PUBLIC "-//BEA Systems, Inc.//DTD Web Application 8.1//EN" 
    "http://www.bea.com/servers/wls810/dtd/weblogic810-web-jar.dtd" >
<weblogic-web-app>
  <security-role-assignment>
    <role-name>administrator</role-name>
    <principal-name>administrator</principal-name>
  </security-role-assignment>
  <security-role-assignment>
    <role-name>registered-user</role-name>
    <principal-name>registered-user</principal-name>
  </security-role-assignment>
  <security-role-assignment>
    <role-name>registered-user</role-name>
    <principal-name>registered-user</principal-name>
  </security-role-assignment>
    <jsp-descriptor>
		<jsp-param>
			<param-name>compileFlags</param-name>
			<param-value>-g</param-value>
		</jsp-param>
        <jsp-param>
          <param-name>keepgenerated</param-name> 
          <param-value>true</param-value>
         </jsp-param>
    </jsp-descriptor>
    <context-root>/loginTest</context-root>
</weblogic-web-app>