<?xml version="1.0" encoding="UTF-8" standalone="yes"?>
<response>
  <hLocationCountryISO2>GB</hLocationCountryISO2>
  <hLocationCountryISO3>GBR</hLocationCountryISO3>
  <hLocationStateLabel>County</hLocationStateLabel>
  <hLocationState hLocationStateID='0'> </hLocationState>
  <hLocationState hLocationStateID="797">Argyll and Bute</hLocationState>
  <hLocationState hLocationStateID="796">Ards</hLocationState>
  <hLocationState hLocationStateID="794">Angus</hLocationState>
  <hLocationState hLocationStateID="798">Armagh</hLocationState>
  <hLocationState hLocationStateID="795">Antrim</hLocationState>
  <hLocationState hLocationStateID="791">Aberdeen</hLocationState>
  <hLocationState hLocationStateID="792">Aberdeenshire</hLocationState>
  <hLocationState hLocationStateID="793">Anglesey</hLocationState>
  <hLocationState hLocationStateID="801">Banbridge</hLocationState>
  <hLocationState hLocationStateID="812">Bracknell Forest</hLocationState>
  <hLocationState hLocationStateID="804">Bedfordshire</hLocationState>
  <hLocationState hLocationStateID="805">Belfast</hLocationState>
  <hLocationState hLocationStateID="809">Blaenau Gwent</hLocationState>
  <hLocationState hLocationStateID="815">Brighton and Hove</hLocationState>
  <hLocationState hLocationStateID="806">Birmingham</hLocationState>
  <hLocationState hLocationStateID="814">Bridgend</hLocationState>
  <hLocationState hLocationStateID="799">Ballymena</hLocationState>
  <hLocationState hLocationStateID="811">Bournemouth</hLocationState>
  <hLocationState hLocationStateID="803">Bath and North East Somerset</hLocationState>
  <hLocationState hLocationStateID="940">Scottish Borders</hLocationState>
  <hLocationState hLocationStateID="808">Blackpool</hLocationState>
  <hLocationState hLocationStateID="818">Bury</hLocationState>
  <hLocationState hLocationStateID="816">Bristol</hLocationState>
  <hLocationState hLocationStateID="810">Bolton</hLocationState>
  <hLocationState hLocationStateID="817">Buckinghamshire</hLocationState>
  <hLocationState hLocationStateID="813">Bradford</hLocationState>
  <hLocationState hLocationStateID="807">Blackburn with Darwen</hLocationState>
  <hLocationState hLocationStateID="802">Barnsley</hLocationState>
  <hLocationState hLocationStateID="800">Ballymoney</hLocationState>
  <hLocationState hLocationStateID="822">Cardiff</hLocationState>
  <hLocationState hLocationStateID="828">Clackmannanshire</hLocationState>
  <hLocationState hLocationStateID="824">Carrickfergus</hLocationState>
  <hLocationState hLocationStateID="826">Ceredigion</hLocationState>
  <hLocationState hLocationStateID="827">Cheshire</hLocationState>
  <hLocationState hLocationStateID="823">Carmarthenshire</hLocationState>
  <hLocationState hLocationStateID="831">Cookstown</hLocationState>
  <hLocationState hLocationStateID="829">Coleraine</hLocationState>
  <hLocationState hLocationStateID="821">Cambridgeshire</hLocationState>
  <hLocationState hLocationStateID="832">Cornwall</hLocationState>
  <hLocationState hLocationStateID="819">Caerphilly</hLocationState>
  <hLocationState hLocationStateID="834">Craigavon</hLocationState>
  <hLocationState hLocationStateID="825">Castlereagh</hLocationState>
  <hLocationState hLocationStateID="833">Coventry</hLocationState>
  <hLocationState hLocationStateID="835">Cumbria</hLocationState>
  <hLocationState hLocationStateID="830">Conwy</hLocationState>
  <hLocationState hLocationStateID="820">Calderdale</hLocationState>
  <hLocationState hLocationStateID="836">Darlington</hLocationState>
  <hLocationState hLocationStateID="839">Derbyshire</hLocationState>
  <hLocationState hLocationStateID="842">Doncaster</hLocationState>
  <hLocationState hLocationStateID="838">Derby</hLocationState>
  <hLocationState hLocationStateID="846">Dumfries and Galloway</hLocationState>
  <hLocationState hLocationStateID="849">Durham</hLocationState>
  <hLocationState hLocationStateID="837">Denbighshire</hLocationState>
  <hLocationState hLocationStateID="848">Dungannon</hLocationState>
  <hLocationState hLocationStateID="841">Devon</hLocationState>
  <hLocationState hLocationStateID="843">Dorset</hLocationState>
  <hLocationState hLocationStateID="847">Dundee</hLocationState>
  <hLocationState hLocationStateID="844">Down</hLocationState>
  <hLocationState hLocationStateID="845">Dudley</hLocationState>
  <hLocationState hLocationStateID="850">East Ayrshire</hLocationState>
  <hLocationState hLocationStateID="856">Edinburgh</hLocationState>
  <hLocationState hLocationStateID="851">East Dunbartonshire</hLocationState>
  <hLocationState hLocationStateID="852">East Lothian</hLocationState>
  <hLocationState hLocationStateID="853">East Renfrewshire</hLocationState>
  <hLocationState hLocationStateID="855">East Sussex</hLocationState>
  <hLocationState hLocationStateID="858">Essex</hLocationState>
  <hLocationState hLocationStateID="854">East Riding of Yorkshire</hLocationState>
  <hLocationState hLocationStateID="860">Fermanagh</hLocationState>
  <hLocationState hLocationStateID="861">Fife</hLocationState>
  <hLocationState hLocationStateID="859">Falkirk</hLocationState>
  <hLocationState hLocationStateID="862">Flintshire</hLocationState>
  <hLocationState hLocationStateID="865">Gloucestershire</hLocationState>
  <hLocationState hLocationStateID="867">Gwynedd</hLocationState>
  <hLocationState hLocationStateID="864">Glasgow</hLocationState>
  <hLocationState hLocationStateID="863">Gateshead</hLocationState>
  <hLocationState hLocationStateID="866">Greater London</hLocationState>
  <hLocationState hLocationStateID="869">Hampshire</hLocationState>
  <hLocationState hLocationStateID="871">Herefordshire</hLocationState>
  <hLocationState hLocationStateID="873">Highland</hLocationState>
  <hLocationState hLocationStateID="868">Halton</hLocationState>
  <hLocationState hLocationStateID="870">Hartlepool</hLocationState>
  <hLocationState hLocationStateID="872">Hertfordshire</hLocationState>
  <hLocationState hLocationStateID="874">Inverclyde</hLocationState>
  <hLocationState hLocationStateID="876">Isles of Scilly</hLocationState>
  <hLocationState hLocationStateID="875">Isle of Wight</hLocationState>
  <hLocationState hLocationStateID="877">Kent</hLocationState>
  <hLocationState hLocationStateID="878">Kingston upon Hull</hLocationState>
  <hLocationState hLocationStateID="879">Kirklees</hLocationState>
  <hLocationState hLocationStateID="880">Knowsley</hLocationState>
  <hLocationState hLocationStateID="881">Lancashire</hLocationState>
  <hLocationState hLocationStateID="888">Lisburn</hLocationState>
  <hLocationState hLocationStateID="884">Leicester</hLocationState>
  <hLocationState hLocationStateID="840">Derry</hLocationState>
  <hLocationState hLocationStateID="885">Leicestershire</hLocationState>
  <hLocationState hLocationStateID="887">Lincolnshire</hLocationState>
  <hLocationState hLocationStateID="886">Limavady</hLocationState>
  <hLocationState hLocationStateID="882">Larne</hLocationState>
  <hLocationState hLocationStateID="883">Leeds</hLocationState>
  <hLocationState hLocationStateID="890">Luton</hLocationState>
  <hLocationState hLocationStateID="889">Liverpool</hLocationState>
  <hLocationState hLocationStateID="895">Middlesbrough</hLocationState>
  <hLocationState hLocationStateID="891">Magherafelt</hLocationState>
  <hLocationState hLocationStateID="897">Milton Keynes</hLocationState>
  <hLocationState hLocationStateID="896">Midlothian</hLocationState>
  <hLocationState hLocationStateID="898">Monmouthshire</hLocationState>
  <hLocationState hLocationStateID="892">Manchester</hLocationState>
  <hLocationState hLocationStateID="899">Moray</hLocationState>
  <hLocationState hLocationStateID="894">Merthyr Tydfil</hLocationState>
  <hLocationState hLocationStateID="893">Medway</hLocationState>
  <hLocationState hLocationStateID="900">Moyle</hLocationState>
  <hLocationState hLocationStateID="907">Northamptonshire</hLocationState>
  <hLocationState hLocationStateID="915">Northumberland</hLocationState>
  <hLocationState hLocationStateID="909">North Down</hLocationState>
  <hLocationState hLocationStateID="910">North East Lincolnshire</hLocationState>
  <hLocationState hLocationStateID="906">Norfolk</hLocationState>
  <hLocationState hLocationStateID="917">Nottingham</hLocationState>
  <hLocationState hLocationStateID="914">North Tyneside</hLocationState>
  <hLocationState hLocationStateID="912">North Lincolnshire</hLocationState>
  <hLocationState hLocationStateID="904">Newry and Mourne</hLocationState>
  <hLocationState hLocationStateID="911">North Lanarkshire</hLocationState>
  <hLocationState hLocationStateID="903">Newport</hLocationState>
  <hLocationState hLocationStateID="901">Neath Port Talbot</hLocationState>
  <hLocationState hLocationStateID="908">North Ayrshire</hLocationState>
  <hLocationState hLocationStateID="913">North Somerset</hLocationState>
  <hLocationState hLocationStateID="918">Nottinghamshire</hLocationState>
  <hLocationState hLocationStateID="902">Newcastle upon Tyne</hLocationState>
  <hLocationState hLocationStateID="905">Newtownabbey</hLocationState>
  <hLocationState hLocationStateID="916">North Yorkshire</hLocationState>
  <hLocationState hLocationStateID="919">Oldham</hLocationState>
  <hLocationState hLocationStateID="920">Omagh</hLocationState>
  <hLocationState hLocationStateID="921">Orkney Islands</hLocationState>
  <hLocationState hLocationStateID="922">Oxfordshire</hLocationState>
  <hLocationState hLocationStateID="925">Peterborough</hLocationState>
  <hLocationState hLocationStateID="923">Pembrokeshire</hLocationState>
  <hLocationState hLocationStateID="924">Perthshire and Kinross</hLocationState>
  <hLocationState hLocationStateID="927">Poole</hLocationState>
  <hLocationState hLocationStateID="926">Plymouth</hLocationState>
  <hLocationState hLocationStateID="929">Powys</hLocationState>
  <hLocationState hLocationStateID="928">Portsmouth</hLocationState>
  <hLocationState hLocationStateID="931">Redcar and Cleveland</hLocationState>
  <hLocationState hLocationStateID="934">Rochdale</hLocationState>
  <hLocationState hLocationStateID="932">Renfrewshire</hLocationState>
  <hLocationState hLocationStateID="930">Reading</hLocationState>
  <hLocationState hLocationStateID="935">Rotherham</hLocationState>
  <hLocationState hLocationStateID="936">Rutland</hLocationState>
  <hLocationState hLocationStateID="933">Rhondda, Cynon, Taff</hLocationState>
  <hLocationState hLocationStateID="949">South Ayrshire</hLocationState>
  <hLocationState hLocationStateID="959">Strabane</hLocationState>
  <hLocationState hLocationStateID="961">Sunderland</hLocationState>
  <hLocationState hLocationStateID="941">Sefton</hLocationState>
  <hLocationState hLocationStateID="960">Suffolk</hLocationState>
  <hLocationState hLocationStateID="943">Shetland Islands</hLocationState>
  <hLocationState hLocationStateID="946">Solihull</hLocationState>
  <hLocationState hLocationStateID="951">South Gloucestershire</hLocationState>
  <hLocationState hLocationStateID="956">Stockport</hLocationState>
  <hLocationState hLocationStateID="952">South Lanarkshire</hLocationState>
  <hLocationState hLocationStateID="947">Somerset</hLocationState>
  <hLocationState hLocationStateID="964">Swindon</hLocationState>
  <hLocationState hLocationStateID="958">Stoke-on-Trent</hLocationState>
  <hLocationState hLocationStateID="944">Shropshire</hLocationState>
  <hLocationState hLocationStateID="962">Surrey</hLocationState>
  <hLocationState hLocationStateID="950">Southend-on-Sea</hLocationState>
  <hLocationState hLocationStateID="954">Staffordshire</hLocationState>
  <hLocationState hLocationStateID="942">Sheffield</hLocationState>
  <hLocationState hLocationStateID="963">Swansea</hLocationState>
  <hLocationState hLocationStateID="953">South Tyneside</hLocationState>
  <hLocationState hLocationStateID="937">Saint Helens</hLocationState>
  <hLocationState hLocationStateID="968">Torbay</hLocationState>
  <hLocationState hLocationStateID="970">Trafford</hLocationState>
  <hLocationState hLocationStateID="969">Torfaen</hLocationState>
  <hLocationState hLocationStateID="966">Telford and Wrekin</hLocationState>
  <hLocationState hLocationStateID="965">Tameside</hLocationState>
  <hLocationState hLocationStateID="967">Thurrock</hLocationState>
  <hLocationState hLocationStateID="971">Vale of Glamorgan</hLocationState>
  <hLocationState hLocationStateID="982">Windsor and Maidenhead</hLocationState>
  <hLocationState hLocationStateID="976">West Berkshire</hLocationState>
  <hLocationState hLocationStateID="986">Worcestershire</hLocationState>
  <hLocationState hLocationStateID="977">West Dunbartonshire</hLocationState>
  <hLocationState hLocationStateID="978">West Lothian</hLocationState>
  <hLocationState hLocationStateID="857">Eilean Siar</hLocationState>
  <hLocationState hLocationStateID="972">Wakefield</hLocationState>
  <hLocationState hLocationStateID="981">Wiltshire</hLocationState>
  <hLocationState hLocationStateID="980">Wigan</hLocationState>
  <hLocationState hLocationStateID="984">Wokingham</hLocationState>
  <hLocationState hLocationStateID="983">Wirral</hLocationState>
  <hLocationState hLocationStateID="975">Warwickshire</hLocationState>
  <hLocationState hLocationStateID="979">West Sussex</hLocationState>
  <hLocationState hLocationStateID="974">Warrington</hLocationState>
  <hLocationState hLocationStateID="985">Wolverhampton</hLocationState>
  <hLocationState hLocationStateID="987">Wrexham</hLocationState>
  <hLocationState hLocationStateID="973">Walsall</hLocationState>
  <hLocationState hLocationStateID="988">York</hLocationState>
  <hLocationState hLocationStateID="938">Salford</hLocationState>
  <hLocationState hLocationStateID="955">Stirling</hLocationState>
  <hLocationState hLocationStateID="948">Southampton</hLocationState>
  <hLocationState hLocationStateID="945">Slough</hLocationState>
  <hLocationState hLocationStateID="957">Stockton-on-Tees</hLocationState>
  <hLocationState hLocationStateID="939">Sandwell</hLocationState>
</response>