<?xml version="1.0" encoding="ISO-8859-1" ?>
<!--
Taken from Core Servlets and JavaServer Pages Volume II
from Prentice Hall and Sun Microsystems Press,
http://volume2.coreservlets.com/.
(C) 2007 Marty Hall, Larry Brown, and Yaakov Chaikin;
may be freely used or adapted.
-->
<!DOCTYPE struts-config PUBLIC
  "-//Apache Software Foundation//DTD Struts Configuration 1.3//EN"
  "http://struts.apache.org/dtds/struts-config_1_3.dtd">
<struts-config>
  <form-beans>
    <form-bean name="contactFormBean"
               type="coreservlets.ContactFormBean"/>
  </form-beans>
  <global-forwards>
    <forward name="success"
             path="/WEB-INF/results/signup-confirmation.jsp"/>
  </global-forwards>
  <action-mappings>
    <action path="/actions/signup1"
            type="coreservlets.SignupAction1"
            name="contactFormBean"
            scope="request">
      <forward name="missing-value"
               path="/WEB-INF/results/missing-value.jsp"/>
    </action>
    <action path="/actions/signup2"
            type="coreservlets.SignupAction2"
            name="contactFormBean"
            scope="request">
      <forward name="missing-value"
               path="/forms/signup2.jsp"/>
    </action>
  </action-mappings>
</struts-config>
