<?xml version="1.0" encoding="ISO-8859-1" ?>
<!--
Taken from Core Servlets and JavaServer Pages Volume II
from Prentice Hall and Sun Microsystems Press,
http://volume2.coreservlets.com/.
(C) 2007 Marty Hall, Larry Brown, and Yaakov Chaikin;
may be freely used or adapted.
-->
<!DOCTYPE tiles-definitions PUBLIC
  "-//Apache Software Foundation//DTD Tiles Configuration 1.3//EN"
  "http://jakarta.apache.org/struts/dtds/tiles-config_1_3.dtd">
<tiles-definitions>
  <definition name=".mainLayout"
              path="/WEB-INF/tiles/main-layout.jsp">
    <put name="title" value=""/>
    <put name="header" value="/WEB-INF/tiles/header.jsp"/>
    <put name="search-menu" value="/WEB-INF/tiles/search-menu.jsp"/>
    <put name="body" value=""/>
    <put name="footer" value="/WEB-INF/tiles/footer.jsp"/>
  </definition>
  <definition name="index.page" extends=".mainLayout">
    <put name="title" value="Welcome to e-boats.com!"/>
    <put name="body" value="/WEB-INF/tiles/body-index.jsp"/>
  </definition>
  <definition name="yachts.page" extends=".mainLayout">
    <put name="title" value="E-boats.com Yachts!"/>
    <put name="body" value="/WEB-INF/tiles/body-yachts.jsp"/>
  </definition>
  <definition name="tankers.page" extends=".mainLayout">
    <put name="title" value="E-boats.com Oil Tankers!"/>
    <put name="body" value="/WEB-INF/tiles/body-tankers.jsp"/>
  </definition>
  <definition name="carriers.page" extends=".mainLayout">
    <put name="title" value="E-boats.com Aircraft Carriers!"/>
    <put name="body" value="/WEB-INF/tiles/body-carriers.jsp"/>
  </definition>
</tiles-definitions>
